{
    "loss": 4.858373641967773,
    "accuracy": 0.8179855823516846
}